Time,People_Count,Status
09:03:01,0,SAFE
09:03:09,0,SAFE
09:03:09,0,SAFE
09:03:15,0,SAFE
09:03:21,0,SAFE
09:03:27,0,SAFE
09:03:33,0,SAFE
09:03:38,0,SAFE
09:03:44,0,SAFE
09:03:52,0,SAFE
09:03:52,0,SAFE
09:03:58,0,SAFE
09:04:03,0,SAFE
09:04:09,0,SAFE
09:04:17,0,SAFE
09:04:17,0,SAFE
09:04:22,0,SAFE
09:04:27,0,SAFE
09:04:33,0,SAFE
09:04:38,0,SAFE
09:04:43,0,SAFE
09:04:48,0,SAFE
09:04:55,0,SAFE
09:05:01,1,SAFE
09:05:07,0,SAFE
09:05:13,0,SAFE
09:05:18,0,SAFE
09:05:24,0,SAFE
09:05:29,0,SAFE
09:05:34,0,SAFE
09:05:40,0,SAFE
09:05:49,0,SAFE
09:05:56,0,SAFE
09:06:06,0,SAFE
09:06:07,0,SAFE
09:06:14,0,SAFE
09:06:20,0,SAFE
09:06:27,0,SAFE
09:06:40,0,SAFE
09:09:43,0,SAFE
09:09:50,0,SAFE
09:09:56,0,SAFE
09:10:03,0,SAFE
09:10:10,0,SAFE
09:10:17,0,SAFE
09:10:24,0,SAFE
09:10:32,0,SAFE
09:10:40,0,SAFE
09:10:41,0,SAFE
09:10:47,0,SAFE
09:10:57,0,SAFE
09:10:57,0,SAFE
09:11:06,0,SAFE
09:11:07,0,SAFE
09:11:14,0,SAFE
09:11:22,0,SAFE
09:11:25,0,SAFE
09:11:33,0,SAFE
09:11:35,0,SAFE
09:11:41,0,SAFE
09:11:44,0,SAFE
09:11:52,0,SAFE
09:11:53,0,SAFE
09:20:48,1,SAFE
09:21:14,1,SAFE
09:21:14,1,SAFE
09:21:19,1,SAFE
09:21:24,1,SAFE
09:21:29,1,SAFE
09:21:32,1,SAFE
09:21:32,1,SAFE
09:21:37,0,SAFE
09:21:42,0,SAFE
09:21:47,0,SAFE
09:21:52,0,SAFE
09:21:57,0,SAFE
09:22:02,1,SAFE
09:22:07,0,SAFE
09:22:12,0,SAFE
09:22:17,1,SAFE
09:22:22,0,SAFE
09:22:27,0,SAFE
09:22:32,0,SAFE
09:22:37,0,SAFE
09:22:42,0,SAFE
09:22:47,0,SAFE
09:22:52,0,SAFE
09:22:52,0,SAFE
09:22:57,0,SAFE
09:24:33,0,SAFE
09:24:33,0,SAFE
09:24:37,0,SAFE
09:24:42,0,SAFE
09:24:47,0,SAFE
09:24:52,0,SAFE
09:24:57,0,SAFE
09:25:02,0,SAFE
09:25:07,0,SAFE
09:25:13,1,SAFE
09:25:18,0,SAFE
09:25:22,0,SAFE
09:25:27,0,SAFE
09:25:32,0,SAFE
09:25:37,0,SAFE
09:25:42,0,SAFE
09:25:47,0,SAFE
09:25:52,0,SAFE
09:25:57,0,SAFE
09:26:03,1,SAFE
09:26:08,1,SAFE
09:26:13,0,SAFE
09:26:17,0,SAFE
09:26:22,0,SAFE
2026-02-02 09:51:30.385786,0,SAFE
2026-02-02 09:51:45.848109,0,SAFE
2026-02-02 09:51:52.986522,0,SAFE
2026-02-02 09:51:59.431660,0,SAFE
2026-02-02 09:52:06.894683,0,SAFE
2026-02-02 09:52:12.801327,0,SAFE
2026-02-02 09:52:19.752190,0,SAFE
2026-02-02 09:52:26.771115,0,SAFE
2026-02-02 09:52:33.958474,1,SAFE
2026-02-02 09:52:41.236451,0,SAFE
2026-02-02 09:52:50.935549,0,SAFE
2026-02-02 09:52:51.308184,0,SAFE
2026-02-02 09:53:00.826015,0,SAFE
2026-02-02 09:53:01.226762,0,SAFE
2026-02-02 09:53:11.958076,0,SAFE
2026-02-02 09:53:12.370106,0,SAFE
2026-02-02 09:53:22.527125,0,SAFE
2026-02-02 09:53:23.577484,0,SAFE
2026-02-02 09:53:32.730308,1,SAFE
2026-02-02 09:53:34.962438,1,SAFE
2026-02-02 09:53:41.325149,1,SAFE
2026-02-02 09:53:45.552348,2,SAFE
2026-02-02 09:53:52.144850,1,SAFE
2026-02-02 09:53:56.300659,1,SAFE
2026-02-02 09:54:04.371831,0,SAFE
2026-02-02 09:54:12.135845,0,SAFE
2026-02-02 09:54:12.496131,1,SAFE
2026-02-02 09:54:24.438882,0,SAFE
2026-02-02 09:54:30.935432,0,SAFE
2026-02-02 09:54:31.256332,0,SAFE
2026-02-02 09:54:39.887238,0,SAFE
2026-02-02 09:54:44.559536,0,SAFE
2026-02-02 09:54:48.107833,0,SAFE
2026-02-02 09:54:55.441265,0,SAFE
2026-02-02 09:54:58.789095,0,SAFE
2026-02-02 09:55:03.826408,0,SAFE
2026-02-02 09:55:04.468424,0,SAFE
2026-02-02 09:55:12.611068,0,SAFE
2026-02-02 09:55:20.391294,0,SAFE
2026-02-02 09:55:30.315690,0,SAFE
2026-02-02 09:55:30.701755,0,SAFE
2026-02-02 09:55:40.342016,0,SAFE
2026-02-02 09:55:40.623695,0,SAFE
2026-02-02 09:55:51.567124,0,SAFE
2026-02-02 09:55:51.892778,1,SAFE
2026-02-02 09:56:01.258688,0,SAFE
2026-02-02 09:56:02.860785,0,SAFE
2026-02-02 09:56:11.006788,0,SAFE
2026-02-02 09:56:13.866245,0,SAFE
2026-02-02 09:56:21.618657,1,SAFE
2026-02-02 09:56:26.046561,0,SAFE
2026-02-02 09:56:35.772037,0,SAFE
2026-02-02 09:56:41.150932,0,SAFE
2026-02-02 09:56:42.763842,0,SAFE
2026-02-02 09:56:50.603413,0,SAFE
2026-02-02 09:56:58.669132,0,SAFE
2026-02-02 09:57:07.326475,0,SAFE
2026-02-02 09:57:17.393419,0,SAFE
2026-02-02 09:57:19.228837,0,SAFE
2026-02-02 09:57:39.155801,0,SAFE
2026-02-02 09:57:46.632555,0,SAFE
2026-02-02 09:57:47.381485,0,SAFE
2026-02-02 09:57:49.804040,0,SAFE
2026-02-02 09:57:51.998525,0,SAFE
2026-02-02 09:57:55.787211,0,SAFE
2026-02-02 09:58:08.458150,0,SAFE
2026-02-02 09:58:15.428398,0,SAFE
2026-02-02 09:58:16.347235,0,SAFE
2026-02-02 09:58:19.088073,0,SAFE
2026-02-02 09:58:21.196649,0,SAFE
2026-02-02 09:58:24.006316,0,SAFE
2026-02-02 09:58:35.670391,0,SAFE
2026-02-02 09:58:39.864736,0,SAFE
2026-02-02 09:58:40.184600,0,SAFE
2026-02-02 09:58:41.546507,1,SAFE
2026-02-02 09:58:41.882115,0,SAFE
2026-02-02 09:58:49.150961,0,SAFE
2026-02-02 09:58:55.714789,0,SAFE
2026-02-02 09:59:02.497234,0,SAFE
2026-02-02 09:59:09.321135,0,SAFE
2026-02-02 09:59:16.575296,1,SAFE
2026-02-02 09:59:25.055301,1,SAFE
2026-02-02 09:59:26.498482,0,SAFE
2026-02-02 09:59:36.600104,1,SAFE
2026-02-02 09:59:40.990866,1,SAFE
2026-02-02 10:00:05.367674,1,SAFE
2026-02-02 10:00:05.402220,0,SAFE
2026-02-02 10:00:06.406418,1,SAFE
2026-02-02 10:00:07.045343,1,SAFE
2026-02-02 10:00:08.224068,1,SAFE
2026-02-02 10:00:12.348776,2,SAFE
2026-02-02 10:00:34.412556,2,SAFE
2026-02-02 10:00:35.067036,1,SAFE
2026-02-02 10:00:36.159299,0,SAFE
2026-02-02 10:00:36.530983,2,SAFE
2026-02-02 10:00:38.008426,2,SAFE
2026-02-02 10:00:41.235691,2,SAFE
2026-02-02 10:01:03.908689,0,SAFE
2026-02-02 10:01:05.179387,0,SAFE
2026-02-02 10:01:05.420027,0,SAFE
2026-02-02 10:01:06.131770,0,SAFE
2026-02-02 10:01:06.572129,0,SAFE
2026-02-02 10:01:09.553875,0,SAFE
2026-02-02 10:01:33.948179,0,SAFE
2026-02-02 10:01:36.151748,0,SAFE
2026-02-02 10:01:36.640062,0,SAFE
2026-02-02 10:01:37.136167,0,SAFE
2026-02-02 10:01:37.504256,0,SAFE
2026-02-02 10:01:40.189396,1,SAFE
2026-02-02 10:01:55.101846,0,SAFE
2026-02-02 10:01:55.960600,0,SAFE
2026-02-02 10:01:56.463786,0,SAFE
2026-02-02 10:01:56.827103,0,SAFE
2026-02-02 10:02:04.102351,0,SAFE
2026-02-02 10:02:10.002959,0,SAFE
2026-02-02 10:02:14.011464,0,SAFE
2026-02-02 10:02:20.070300,2,SAFE
2026-02-02 10:02:24.344435,0,SAFE
2026-02-02 10:02:31.986554,0,SAFE
2026-02-02 10:02:37.167583,0,SAFE
2026-02-02 10:02:45.171436,0,SAFE
2026-02-02 10:02:50.395569,0,SAFE
2026-02-02 10:02:53.034928,0,SAFE
2026-02-02 10:09:24.545814,1,SAFE
2026-02-02 10:09:31.883676,1,SAFE
2026-02-02 10:09:38.930670,1,SAFE
2026-02-02 10:09:45.839269,0,SAFE
2026-02-02 10:09:53.135092,1,SAFE
2026-02-02 10:10:00.499758,0,SAFE
2026-02-02 10:10:07.714749,1,SAFE
2026-02-02 10:10:17.703222,1,SAFE
2026-02-02 10:10:19.090607,1,SAFE
2026-02-02 10:10:27.855769,0,SAFE
2026-02-02 10:10:30.349816,1,SAFE
2026-02-02 10:10:37.290521,1,SAFE
2026-02-02 10:10:41.982374,1,SAFE
2026-02-02 10:10:51.711722,1,SAFE
2026-02-02 10:10:59.678763,0,SAFE
2026-02-02 10:11:00.241835,1,SAFE
2026-02-02 10:11:13.482946,1,SAFE
2026-02-02 10:11:18.968411,1,SAFE
2026-02-02 10:11:21.982537,1,SAFE
2026-02-02 10:11:29.061092,1,SAFE
2026-02-02 10:11:34.282770,1,SAFE
2026-02-02 10:11:40.165772,1,SAFE
2026-02-02 10:11:46.190873,1,SAFE
2026-02-02 10:11:56.318464,1,SAFE
2026-02-02 10:12:03.064864,1,SAFE
2026-02-02 10:12:08.300871,1,SAFE
2026-02-02 10:12:17.354813,1,SAFE
2026-02-02 10:12:20.492353,1,SAFE
2026-02-02 10:12:24.522610,1,SAFE
2026-02-02 10:12:26.532300,1,SAFE
2026-02-02 10:12:28.462123,1,SAFE
2026-02-02 10:12:30.118137,1,SAFE
2026-02-02 10:12:54.701613,1,SAFE
2026-02-02 10:13:33.069455,1,SAFE
2026-02-02 10:13:33.807142,1,SAFE
2026-02-02 10:13:40.849819,1,SAFE
2026-02-02 10:13:48.581541,1,SAFE
2026-02-02 10:13:57.916874,1,SAFE
2026-02-02 10:14:04.644146,1,SAFE
2026-02-02 10:14:12.102589,1,SAFE
2026-02-02 10:14:16.969707,1,SAFE
2026-02-02 10:14:17.999510,1,SAFE
2026-02-02 10:14:25.344903,1,SAFE
2026-02-02 10:14:34.067853,1,SAFE
2026-02-02 10:14:42.742377,1,SAFE
2026-02-02 10:14:47.755113,1,SAFE
2026-02-02 10:14:59.269632,1,SAFE
2026-02-02 10:15:06.667605,1,SAFE
2026-02-02 10:15:08.297067,1,SAFE
2026-02-02 10:15:18.562370,1,SAFE
2026-02-02 10:15:24.520019,1,SAFE
2026-02-02 10:15:29.216046,1,SAFE
2026-02-02 10:15:32.184586,1,SAFE
2026-02-02 10:15:42.759953,1,SAFE
2026-02-02 10:15:47.492566,1,SAFE
2026-02-02 10:15:51.974646,1,SAFE
2026-02-02 10:15:58.119890,0,SAFE
2026-02-02 10:15:58.311099,1,SAFE
2026-02-02 10:15:58.592371,1,SAFE
2026-02-02 10:16:24.653931,1,SAFE
2026-02-02 10:16:28.350382,0,SAFE
2026-02-02 10:16:28.863329,1,SAFE
2026-02-02 10:16:32.447925,1,SAFE
2026-02-02 10:16:33.294540,0,SAFE
2026-02-02 10:16:33.859348,1,SAFE
2026-02-02 10:16:57.910673,1,SAFE
2026-02-02 10:17:05.794038,1,SAFE
2026-02-02 10:17:06.717759,1,SAFE
2026-02-02 10:17:13.610973,1,SAFE
2026-02-02 10:17:13.958450,0,SAFE
2026-02-02 10:17:15.068851,1,SAFE
2026-02-02 10:18:01.112068,0,SAFE
2026-02-02 10:18:01.697678,1,SAFE
2026-02-02 10:18:02.094393,0,SAFE
2026-02-02 10:18:02.283945,1,SAFE
2026-02-02 10:18:02.372083,0,SAFE
2026-02-02 10:18:02.538693,1,SAFE
2026-02-02 10:18:04.101146,1,SAFE
2026-02-02 10:18:36.790997,1,SAFE
2026-02-02 10:18:37.952055,1,SAFE
2026-02-02 10:18:42.215292,1,SAFE
2026-02-02 10:18:47.369152,1,SAFE
2026-02-02 10:18:49.588316,1,SAFE
2026-02-02 10:19:17.280478,1,SAFE
2026-02-02 10:19:21.206145,1,SAFE
2026-02-02 10:19:22.317966,1,SAFE
2026-02-02 10:19:22.993842,1,SAFE
2026-02-02 10:19:27.388107,1,SAFE
2026-02-02 10:19:46.239686,0,SAFE
2026-02-02 10:19:46.870670,1,SAFE
2026-02-02 10:19:47.113682,1,SAFE
2026-02-02 10:19:47.900221,0,SAFE
2026-02-02 10:19:48.953307,1,SAFE
2026-02-02 10:20:02.725034,0,SAFE
2026-02-02 10:20:03.429325,0,SAFE
2026-02-02 10:20:03.433358,0,SAFE
2026-02-02 10:20:03.513838,0,SAFE
2026-02-02 10:20:03.586348,0,SAFE
2026-02-02 10:20:03.720049,0,SAFE
2026-02-02 10:20:03.854142,0,SAFE
2026-02-02 10:20:07.583077,0,SAFE
2026-02-02 10:20:07.962290,0,SAFE
2026-02-02 10:20:08.104382,0,SAFE
2026-02-02 10:20:08.605965,0,SAFE
2026-02-02 10:20:09.200742,0,SAFE
2026-02-02 10:20:27.942637,1,SAFE
2026-02-02 10:20:31.668888,1,SAFE
2026-02-02 10:20:32.230536,0,SAFE
2026-02-02 10:20:32.233542,0,SAFE
2026-02-02 10:20:32.352013,0,SAFE
2026-02-02 10:20:32.803931,1,SAFE
2026-02-02 10:21:17.335429,2,SAFE
2026-02-02 10:21:18.215208,1,SAFE
2026-02-02 10:21:18.338726,0,SAFE
2026-02-02 10:21:18.600114,1,SAFE
2026-02-02 10:21:19.024259,0,SAFE
2026-02-02 10:21:19.339409,1,SAFE
2026-02-02 10:22:34.979606,0,SAFE
2026-02-02 10:22:34.977580,0,SAFE
2026-02-02 10:22:34.989955,0,SAFE
2026-02-02 10:22:34.994121,0,SAFE
2026-02-02 10:22:35.921504,0,SAFE
2026-02-02 10:22:36.325113,0,SAFE
2026-02-02 10:22:36.373487,1,SAFE
2026-02-02 10:22:36.554049,2,SAFE
2026-02-02 10:22:36.705606,1,SAFE
2026-02-02 10:22:39.615425,1,SAFE
2026-02-02 10:22:39.952494,2,SAFE
2026-02-02 10:22:47.939139,1,SAFE
2026-02-02 10:22:57.871285,1,SAFE
2026-02-02 10:22:58.832809,1,SAFE
2026-02-02 10:22:59.542423,1,SAFE
2026-02-02 10:23:02.508240,1,SAFE
2026-02-02 10:23:05.001064,1,SAFE
2026-02-02 10:23:12.216590,1,SAFE
2026-02-02 10:23:23.062566,1,SAFE
2026-02-02 10:23:24.885256,1,SAFE
2026-02-02 10:23:25.401315,1,SAFE
2026-02-02 10:23:27.728020,1,SAFE
2026-02-02 10:23:28.373138,0,SAFE
2026-02-02 10:23:28.876628,1,SAFE
2026-02-02 10:23:33.660761,1,SAFE
2026-02-02 10:23:34.038808,1,SAFE
2026-02-02 10:23:40.241706,1,SAFE
2026-02-02 10:23:46.368921,1,SAFE
2026-02-02 10:23:52.486035,0,SAFE
2026-02-02 10:24:00.176743,0,SAFE
2026-02-02 10:24:04.107707,0,SAFE
2026-02-02 10:24:07.645652,1,SAFE
2026-02-02 10:24:13.942265,1,SAFE
2026-02-02 10:24:15.545767,1,SAFE
2026-02-02 10:24:21.793551,1,SAFE
2026-02-02 10:24:29.338038,1,SAFE
2026-02-02 10:24:30.397737,1,SAFE
2026-02-02 10:24:39.928576,1,SAFE
2026-02-02 10:24:40.392514,1,SAFE
2026-02-02 10:24:46.731326,1,SAFE
2026-02-02 10:24:53.203090,1,SAFE
2026-02-02 10:24:59.727486,0,SAFE
2026-02-02 10:25:06.087239,0,SAFE
2026-02-02 10:25:12.751761,0,SAFE
2026-02-02 10:25:19.496027,1,SAFE
2026-02-02 10:25:20.966549,1,SAFE
2026-02-02 10:25:28.313011,1,SAFE
2026-02-02 10:25:34.678871,1,SAFE
2026-02-02 10:25:37.056497,1,SAFE
2026-02-02 10:25:45.036513,1,SAFE
2026-02-02 10:25:45.652402,1,SAFE
2026-02-02 10:25:51.783599,1,SAFE
2026-02-02 10:25:59.973061,1,SAFE
2026-02-02 10:26:00.764922,1,SAFE
2026-02-02 10:26:07.646197,1,SAFE
2026-02-02 10:26:14.387871,1,SAFE
2026-02-02 10:26:15.992744,1,SAFE
2026-02-02 10:26:24.028866,1,SAFE
2026-02-02 10:26:25.925839,1,SAFE
2026-02-02 10:26:32.127742,1,SAFE
2026-02-02 10:26:38.301699,1,SAFE
2026-02-02 10:26:44.457464,1,SAFE
2026-02-02 10:26:50.721613,1,SAFE
2026-02-02 10:26:56.930206,1,SAFE
2026-02-02 10:27:03.345573,1,SAFE
2026-02-02 10:27:09.607886,1,SAFE
2026-02-02 10:27:16.030510,1,SAFE
2026-02-02 10:27:22.275372,1,SAFE
2026-02-02 10:27:28.494979,1,SAFE
2026-02-02 10:27:34.813990,1,SAFE
2026-02-02 10:27:43.352139,1,SAFE
2026-02-02 10:27:44.186078,1,SAFE
2026-02-02 10:27:53.488761,1,SAFE
2026-02-02 10:27:53.774573,1,SAFE
2026-02-02 10:28:00.577271,1,SAFE
2026-02-02 10:28:07.002400,1,SAFE
2026-02-02 10:28:13.787463,1,SAFE
2026-02-02 10:28:19.924434,1,SAFE
2026-02-02 10:28:26.277490,1,SAFE
2026-02-02 10:28:32.705440,1,SAFE
2026-02-02 10:28:38.673049,1,SAFE
2026-02-02 10:28:44.885820,1,SAFE
2026-02-02 10:28:51.143207,1,SAFE
2026-02-02 10:28:57.173090,1,SAFE
2026-02-02 10:29:03.301131,1,SAFE
2026-02-02 10:29:09.368936,1,SAFE
2026-02-02 10:29:15.618895,1,SAFE
2026-02-02 10:29:21.510888,1,SAFE
2026-02-02 10:29:27.745648,1,SAFE
2026-02-02 10:29:34.177644,1,SAFE
2026-02-02 10:29:53.588914,1,SAFE
2026-02-02 10:29:59.791659,1,SAFE
2026-02-02 10:30:06.028713,1,SAFE
2026-02-02 10:30:12.330641,1,SAFE
2026-02-02 10:30:18.479996,1,SAFE
2026-02-02 10:30:24.865950,1,SAFE
2026-02-02 10:30:31.083086,1,SAFE
2026-02-02 10:30:37.247331,1,SAFE
2026-02-02 10:30:43.535892,1,SAFE
2026-02-02 10:30:50.071892,1,SAFE
2026-02-02 10:30:56.279132,1,SAFE
2026-02-02 10:31:05.326403,0,SAFE
2026-02-02 10:31:05.755235,1,SAFE
2026-02-02 10:31:12.375179,1,SAFE
2026-02-02 10:31:19.977021,1,SAFE
2026-02-02 10:31:21.141978,1,SAFE
2026-02-02 10:31:28.065861,1,SAFE
2026-02-02 10:31:36.019773,1,SAFE
2026-02-02 10:31:37.373541,1,SAFE
2026-02-02 10:31:44.062787,1,SAFE
2026-02-02 10:31:50.248200,1,SAFE
2026-02-02 10:31:56.917646,1,SAFE
2026-02-02 10:32:03.599353,1,SAFE
2026-02-02 10:32:10.085063,1,SAFE
2026-02-02 10:32:16.672021,1,SAFE
2026-02-02 10:32:25.942873,0,SAFE
2026-02-02 10:32:26.433596,1,SAFE
2026-02-02 10:32:35.297965,0,SAFE
2026-02-02 10:32:35.771862,1,SAFE
2026-02-02 10:32:42.143229,1,SAFE
2026-02-02 10:32:50.467569,1,SAFE
2026-02-02 10:32:51.993950,1,SAFE
2026-02-02 10:32:55.699555,3,SAFE
2026-02-02 10:33:01.899702,4,SAFE
2026-02-02 10:33:08.145737,4,SAFE
2026-02-02 10:33:14.783427,3,SAFE
2026-02-02 10:33:21.348464,3,SAFE
2026-02-02 10:33:27.784423,3,SAFE
2026-02-02 10:33:34.129444,3,SAFE
2026-02-02 10:33:40.317050,3,SAFE
2026-02-02 10:33:46.858653,2,SAFE
2026-02-02 10:33:53.044164,2,SAFE
2026-02-02 10:33:59.273971,3,SAFE
2026-02-02 10:34:08.797668,0,SAFE
2026-02-02 10:34:09.384732,2,SAFE
2026-02-02 10:34:15.909219,3,SAFE
2026-02-02 10:34:22.896682,3,SAFE
2026-02-02 10:34:24.322904,3,SAFE
2026-02-02 10:34:33.104460,0,SAFE
2026-02-02 10:34:33.679410,3,SAFE
2026-02-02 10:34:39.804033,2,SAFE
2026-02-02 10:34:47.999431,4,SAFE
2026-02-02 10:34:48.517568,2,SAFE
2026-02-02 10:34:55.491431,2,SAFE
2026-02-02 10:35:02.758667,2,SAFE
2026-02-02 10:35:54.953497,3,SAFE
2026-02-02 10:36:44.171718,1,SAFE
2026-02-02 10:36:50.481328,1,SAFE
2026-02-02 10:36:57.220417,1,SAFE
2026-02-02 10:37:03.485359,1,SAFE
2026-02-02 10:37:09.484312,1,SAFE
2026-02-02 10:37:15.648964,1,SAFE
2026-02-02 10:37:22.016451,1,SAFE
2026-02-02 10:37:28.672291,1,SAFE
2026-02-02 10:37:34.997925,1,SAFE
2026-02-02 10:37:41.180677,1,SAFE
2026-02-02 10:37:47.541382,1,SAFE
2026-02-02 10:37:53.618539,1,SAFE
2026-02-02 10:38:00.060985,1,SAFE
2026-02-02 10:38:08.488198,1,SAFE
2026-02-02 10:38:08.993247,1,SAFE
2026-02-02 10:38:53.883290,2,SAFE
2026-02-02 10:39:34.564412,3,SAFE
2026-02-02 10:39:41.818875,3,SAFE
2026-02-02 10:39:48.135843,3,SAFE
2026-02-02 10:39:54.498857,3,SAFE
2026-02-02 10:40:00.729331,3,SAFE
2026-02-02 10:40:07.034665,3,SAFE
2026-02-02 10:40:13.960151,3,SAFE
2026-02-02 10:40:20.201345,3,SAFE
2026-02-02 10:40:26.824352,3,SAFE
2026-02-02 10:40:33.852042,2,SAFE
2026-02-02 10:40:41.348179,2,SAFE
2026-02-02 10:40:47.770630,3,SAFE
2026-02-02 10:40:49.559176,2,SAFE
2026-02-02 10:40:58.660687,0,SAFE
2026-02-02 10:40:59.122013,3,SAFE
2026-02-02 10:41:05.899653,4,SAFE
2026-02-02 10:41:13.419880,3,SAFE
2026-02-02 10:41:15.206763,2,SAFE
2026-02-02 10:41:23.869319,3,SAFE
2026-02-02 10:41:24.688531,4,SAFE
2026-02-02 10:41:33.493093,0,SAFE
2026-02-02 10:41:34.005456,3,SAFE
2026-02-02 10:41:41.156218,3,SAFE
2026-02-02 10:41:46.223847,4,SAFE
2026-02-02 10:41:53.573407,3,SAFE
2026-02-02 10:42:09.974060,3,SAFE
2026-02-02 10:42:16.447080,3,SAFE
2026-02-02 10:42:22.774039,2,SAFE
2026-02-02 10:42:29.149575,0,SAFE
2026-02-02 10:42:36.042040,0,SAFE
2026-02-02 10:42:49.509805,0,SAFE
2026-02-02 10:42:55.617653,3,SAFE
2026-02-02 10:42:58.191192,3,SAFE
2026-02-02 10:43:01.677120,3,SAFE
2026-02-02 10:43:04.541971,3,SAFE
2026-02-02 10:43:06.903564,2,SAFE
2026-02-02 10:43:13.982299,1,SAFE
2026-02-02 10:43:20.088625,3,SAFE
2026-02-02 10:43:22.344504,3,SAFE
2026-02-02 10:43:26.711139,3,SAFE
2026-02-02 10:43:29.239296,3,SAFE
2026-02-02 10:43:30.741800,3,SAFE
2026-02-02 10:43:38.801986,3,SAFE
2026-02-02 10:43:44.034677,3,SAFE
2026-02-02 10:43:46.710477,3,SAFE
2026-02-02 10:43:51.071957,3,SAFE
2026-02-02 10:43:54.147404,4,SAFE
2026-02-02 10:43:54.653472,3,SAFE
2026-02-02 10:44:04.968746,3,SAFE
2026-02-02 10:44:09.181254,3,SAFE
2026-02-02 10:44:13.347693,3,SAFE
2026-02-02 10:44:16.438296,3,SAFE
2026-02-02 10:44:19.009437,4,SAFE
2026-02-02 10:44:19.404164,4,SAFE
2026-02-02 10:44:27.652241,3,SAFE
2026-02-02 10:44:32.345550,0,SAFE
2026-02-02 10:44:36.260372,0,SAFE
2026-02-02 10:44:39.477974,0,SAFE
2026-02-02 10:44:42.072116,0,SAFE
2026-02-02 10:44:42.618537,0,SAFE
2026-02-02 10:44:50.902660,0,SAFE
2026-02-02 10:44:55.592184,0,SAFE
2026-02-02 10:44:59.701446,0,SAFE
2026-02-02 10:45:01.790166,0,SAFE
2026-02-02 10:45:04.750078,0,SAFE
2026-02-02 10:45:05.158225,1,SAFE
2026-02-02 10:45:13.154434,1,SAFE
2026-02-02 10:45:17.737333,1,SAFE
2026-02-02 10:45:22.387921,0,SAFE
2026-02-02 10:45:24.382867,2,SAFE
2026-02-02 10:45:26.538378,4,SAFE
2026-02-02 10:45:27.557495,2,SAFE
2026-02-02 10:45:35.449726,2,SAFE
2026-02-02 10:45:40.380176,2,SAFE
2026-02-02 10:45:45.675030,2,SAFE
2026-02-02 10:45:46.967508,1,SAFE
2026-02-02 10:45:49.672468,0,SAFE
2026-02-02 10:45:50.024664,0,SAFE
2026-02-02 10:45:58.980486,1,SAFE
2026-02-02 10:46:03.745318,2,SAFE
2026-02-02 10:46:08.027584,2,SAFE
2026-02-02 10:46:09.299435,4,SAFE
2026-02-02 10:46:11.937603,0,SAFE
2026-02-02 10:46:12.317654,2,SAFE
2026-02-02 10:46:21.337782,2,SAFE
2026-02-02 10:46:26.411151,4,SAFE
2026-02-02 10:46:30.513591,2,SAFE
2026-02-02 10:46:30.976569,2,SAFE
2026-02-02 10:46:33.845501,3,SAFE
2026-02-02 10:46:34.627731,2,SAFE
2026-02-02 10:46:44.433445,2,SAFE
2026-02-02 10:46:50.054469,2,SAFE
2026-02-02 10:46:53.628035,0,SAFE
2026-02-02 10:46:54.078514,2,SAFE
2026-02-02 10:46:57.894024,0,SAFE
2026-02-02 10:46:58.311986,2,SAFE
2026-02-02 10:47:07.713007,3,SAFE
2026-02-02 10:47:13.375116,2,SAFE
2026-02-02 10:47:16.456730,0,SAFE
2026-02-02 10:47:16.895982,2,SAFE
2026-02-02 10:47:20.846478,2,SAFE
2026-02-02 10:47:21.148974,1,SAFE
2026-02-02 10:47:30.417027,2,SAFE
2026-02-02 10:47:36.037265,3,SAFE
2026-02-02 10:47:37.905404,2,SAFE
2026-02-02 10:47:39.391020,3,SAFE
2026-02-02 10:47:43.301420,2,SAFE
2026-02-02 10:47:43.817698,2,SAFE
2026-02-02 10:47:53.272112,2,SAFE
2026-02-02 10:47:58.289636,3,SAFE
2026-02-02 10:48:00.144142,2,SAFE
2026-02-02 10:48:02.305371,2,SAFE
2026-02-02 10:48:06.294326,3,SAFE
2026-02-02 10:48:06.763174,2,SAFE
2026-02-02 10:48:15.891921,2,SAFE
2026-02-02 10:48:21.424812,2,SAFE
2026-02-02 10:48:21.882583,2,SAFE
2026-02-02 10:48:24.846301,2,SAFE
2026-02-02 10:48:28.833237,2,SAFE
2026-02-02 10:48:29.314995,2,SAFE
2026-02-02 10:48:38.566217,2,SAFE
2026-02-02 10:48:43.126241,0,SAFE
2026-02-02 10:48:43.577280,2,SAFE
2026-02-02 10:48:46.667339,2,SAFE
2026-02-02 10:48:51.345803,3,SAFE
2026-02-02 10:48:51.692390,2,SAFE
2026-02-02 10:49:00.343916,2,SAFE
2026-02-02 10:49:05.727049,2,SAFE
2026-02-02 10:49:06.655513,2,SAFE
2026-02-02 10:49:08.077473,2,SAFE
2026-02-02 10:49:13.446484,2,SAFE
2026-02-02 10:49:14.148190,2,SAFE
2026-02-02 10:49:22.263057,2,SAFE
2026-02-02 10:49:27.129871,2,SAFE
2026-02-02 10:49:28.920204,2,SAFE
2026-02-02 10:49:29.969076,2,SAFE
2026-02-02 10:49:35.849979,0,SAFE
2026-02-02 10:49:36.350932,2,SAFE
2026-02-02 10:49:45.379709,2,SAFE
2026-02-02 10:49:49.751309,2,SAFE
2026-02-02 10:49:52.751248,2,SAFE
2026-02-02 10:49:53.034589,2,SAFE
2026-02-02 10:49:59.428490,2,SAFE
2026-02-02 10:49:59.722801,1,SAFE
2026-02-02 10:50:08.701492,3,SAFE
2026-02-02 10:50:13.440347,2,SAFE
2026-02-02 10:50:14.719700,2,SAFE
2026-02-02 10:50:16.417174,2,SAFE
2026-02-02 10:50:21.810297,0,SAFE
2026-02-02 10:50:22.213498,2,SAFE
2026-02-02 10:50:31.236419,3,SAFE
2026-02-02 10:50:35.313293,2,SAFE
2026-02-02 10:50:36.634975,2,SAFE
2026-02-02 10:50:38.858646,3,SAFE
2026-02-02 10:50:43.252555,1,SAFE
2026-02-02 10:50:44.416075,1,SAFE
2026-02-02 10:50:53.382935,2,SAFE
2026-02-02 10:50:57.825837,2,SAFE
2026-02-02 10:50:58.285289,2,SAFE
2026-02-02 10:51:01.458210,2,SAFE
2026-02-02 10:51:05.052551,2,SAFE
2026-02-02 10:51:06.096516,2,SAFE
2026-02-02 10:51:13.982544,2,SAFE
2026-02-02 10:51:16.801898,0,SAFE
2026-02-02 10:51:17.267308,2,SAFE
2026-02-02 10:51:18.066469,2,SAFE
2026-02-02 10:51:20.017232,2,SAFE
2026-02-02 10:51:53.813402,2,SAFE
2026-02-02 10:52:54.017461,2,SAFE
2026-02-02 10:53:54.159437,2,SAFE
2026-02-02 10:54:38.493449,0,SAFE
2026-02-02 10:54:45.372815,0,SAFE
2026-02-02 10:54:52.407481,3,SAFE
2026-02-02 10:54:59.381017,3,SAFE
2026-02-02 10:55:12.188188,2,SAFE
2026-02-02 10:55:13.087600,2,SAFE
2026-02-02 10:55:21.995740,1,SAFE
2026-02-02 10:55:26.331858,1,SAFE
2026-02-02 10:55:28.864952,1,SAFE
2026-02-02 10:55:31.096768,1,SAFE
2026-02-02 10:55:34.563201,1,SAFE
2026-02-02 10:55:35.449309,1,SAFE
2026-02-02 10:55:43.772366,1,SAFE
2026-02-02 10:55:47.832975,2,SAFE
2026-02-02 10:55:50.186950,2,SAFE
2026-02-02 10:55:52.996542,2,SAFE
2026-02-02 10:55:56.378199,0,SAFE
2026-02-02 10:55:56.848582,3,SAFE
2026-02-02 10:56:05.283543,4,SAFE
2026-02-02 10:56:09.465032,3,SAFE
2026-02-02 10:56:11.870528,2,SAFE
2026-02-02 10:56:15.263316,2,SAFE
2026-02-02 10:56:18.941836,2,SAFE
2026-02-02 10:56:19.294918,2,SAFE
2026-02-02 10:56:27.591974,2,SAFE
2026-02-02 10:56:31.498724,2,SAFE
2026-02-02 10:56:33.939873,2,SAFE
2026-02-02 10:56:36.873963,2,SAFE
2026-02-02 10:56:41.275178,0,SAFE
2026-02-02 10:56:41.690975,2,SAFE
2026-02-02 10:56:49.760050,2,SAFE
2026-02-02 10:56:53.594354,3,SAFE
2026-02-02 10:56:55.179114,2,SAFE
2026-02-02 10:56:58.446064,3,SAFE
2026-02-02 10:57:03.475912,2,SAFE
2026-02-02 10:57:04.329221,2,SAFE
2026-02-02 10:57:12.640711,2,SAFE
2026-02-02 10:57:16.293085,2,SAFE
2026-02-02 10:57:16.918764,2,SAFE
2026-02-02 10:57:20.194326,2,SAFE
2026-02-02 10:57:25.363907,3,SAFE
2026-02-02 10:57:26.543020,4,SAFE
2026-02-02 10:57:34.064399,2,SAFE
2026-02-02 10:57:38.196444,2,SAFE
2026-02-02 10:57:39.224182,2,SAFE
2026-02-02 10:57:41.742698,2,SAFE
2026-02-02 10:57:47.498806,2,SAFE
2026-02-02 10:57:48.432432,2,SAFE
2026-02-02 10:57:56.214014,2,SAFE
2026-02-02 10:58:00.707506,2,SAFE
2026-02-02 10:58:01.889914,2,SAFE
2026-02-02 10:58:04.234193,2,SAFE
2026-02-02 10:58:10.299926,2,SAFE
2026-02-02 10:58:11.377415,2,SAFE
2026-02-02 10:58:18.055274,2,SAFE
2026-02-02 10:58:22.453825,2,SAFE
2026-02-02 10:58:22.950805,2,SAFE
2026-02-02 10:58:25.549680,2,SAFE
2026-02-02 10:58:32.008236,2,SAFE
2026-02-02 10:58:33.205324,0,SAFE
2026-02-02 10:58:38.768851,1,SAFE
2026-02-02 10:58:43.925260,1,SAFE
2026-02-02 10:58:44.268227,1,SAFE
2026-02-02 10:58:47.013693,1,SAFE
2026-02-02 10:58:53.153328,1,SAFE
2026-02-02 10:58:54.624418,1,SAFE
2026-02-02 10:59:00.276092,1,SAFE
2026-02-02 10:59:05.645114,2,SAFE
2026-02-02 10:59:06.095704,1,SAFE
2026-02-02 10:59:08.492986,1,SAFE
2026-02-02 10:59:14.580677,2,SAFE
2026-02-02 10:59:15.830576,1,SAFE
2026-02-02 10:59:21.294828,1,SAFE
2026-02-02 10:59:26.802151,1,SAFE
2026-02-02 10:59:27.445055,1,SAFE
2026-02-02 10:59:29.747318,1,SAFE
2026-02-02 10:59:35.076799,1,SAFE
2026-02-02 10:59:36.800329,2,SAFE
2026-02-02 10:59:42.605153,1,SAFE
2026-02-02 10:59:49.433669,0,SAFE
2026-02-02 10:59:50.006310,1,SAFE
2026-02-02 10:59:51.541518,1,SAFE
2026-02-02 10:59:58.477816,1,SAFE
2026-02-02 11:00:00.550061,3,SAFE
2026-02-02 11:00:06.911587,1,SAFE
2026-02-02 11:00:13.914520,0,SAFE
2026-02-02 11:00:14.537157,1,SAFE
2026-02-02 11:00:14.956675,1,SAFE
2026-02-02 11:00:22.501105,1,SAFE
2026-02-02 11:00:24.390969,1,SAFE
2026-02-02 11:00:30.099646,1,SAFE
2026-02-02 11:00:37.280589,0,SAFE
2026-02-02 11:00:37.484662,8,OVERLOAD
2026-02-02 11:00:37.821218,13,OVERLOAD
2026-02-02 11:00:44.457445,0,SAFE
2026-02-02 11:00:45.587098,4,SAFE
2026-02-02 11:00:52.076071,1,SAFE
2026-02-02 11:00:58.990992,2,SAFE
2026-02-02 11:00:59.411533,0,SAFE
2026-02-02 11:00:59.493257,2,SAFE
2026-02-02 11:01:05.980418,2,SAFE
2026-02-02 11:01:07.868023,1,SAFE
2026-02-02 11:01:13.739503,1,SAFE
2026-02-02 11:01:20.847622,0,SAFE
2026-02-02 11:01:21.016126,1,SAFE
2026-02-02 11:01:21.299441,1,SAFE
2026-02-02 11:01:28.761225,1,SAFE
2026-02-02 11:01:29.237960,1,SAFE
2026-02-02 11:01:35.777398,4,SAFE
2026-02-02 11:01:42.182579,0,SAFE
2026-02-02 11:01:42.394773,0,SAFE
2026-02-02 11:01:42.707667,9,OVERLOAD
2026-02-02 11:01:50.545707,0,SAFE
2026-02-02 11:01:50.909177,9,OVERLOAD
2026-02-02 11:01:58.132291,1,SAFE
2026-02-02 11:02:03.501134,0,SAFE
2026-02-02 11:02:03.934843,1,SAFE
2026-02-02 11:02:04.325716,2,SAFE
2026-02-02 11:02:12.773029,0,SAFE
2026-02-02 11:02:13.240544,0,SAFE
2026-02-02 11:02:19.202680,3,SAFE
2026-02-02 11:02:25.278339,0,SAFE
2026-02-02 11:02:25.288206,1,SAFE
2026-02-02 11:02:25.631717,1,SAFE
2026-02-02 11:02:34.515820,1,SAFE
2026-02-02 11:02:34.936617,1,SAFE
2026-02-02 11:02:41.012951,1,SAFE
2026-02-02 11:02:46.728180,3,SAFE
2026-02-02 11:02:47.151043,2,SAFE
2026-02-02 11:02:47.670881,2,SAFE
2026-02-02 11:02:56.129456,9,OVERLOAD
2026-02-02 11:02:57.127788,4,SAFE
2026-02-02 11:03:02.791567,8,OVERLOAD
2026-02-02 11:03:08.941615,6,OVERLOAD
2026-02-02 11:03:09.380765,6,OVERLOAD
2026-02-02 11:03:10.157833,1,SAFE
2026-02-02 11:03:19.739857,0,SAFE
2026-02-02 11:03:20.075995,2,SAFE
2026-02-02 11:03:26.408218,0,SAFE
2026-02-02 11:03:32.677437,0,SAFE
2026-02-02 11:03:33.576822,0,SAFE
2026-02-02 11:03:34.055803,0,SAFE
2026-02-02 11:03:43.203632,3,SAFE
2026-02-02 11:03:43.624312,3,SAFE
2026-02-02 11:03:50.073690,4,SAFE
2026-02-02 11:03:55.621507,3,SAFE
2026-02-02 11:03:56.464500,0,SAFE
2026-02-02 11:03:56.801084,3,SAFE
2026-02-02 11:04:06.925979,3,SAFE
2026-02-02 11:04:07.338514,3,SAFE
2026-02-02 11:04:14.113405,3,SAFE
2026-02-02 11:04:19.954960,3,SAFE
2026-02-02 11:04:20.912957,0,SAFE
2026-02-02 11:04:21.550437,3,SAFE
2026-02-02 11:04:31.363585,3,SAFE
2026-02-02 11:04:31.789841,3,SAFE
2026-02-02 11:04:39.073386,3,SAFE
2026-02-02 11:04:44.040414,3,SAFE
2026-02-02 11:04:46.007885,3,SAFE
2026-02-02 11:04:46.874255,3,SAFE
2026-02-02 11:04:55.865774,3,SAFE
2026-02-02 11:04:56.032172,3,SAFE
2026-02-02 11:05:03.468684,3,SAFE
2026-02-02 11:05:09.074946,3,SAFE
2026-02-02 11:05:11.460689,0,SAFE
2026-02-02 11:05:11.728590,3,SAFE
2026-02-02 11:05:20.912229,0,SAFE
2026-02-02 11:05:21.419954,3,SAFE
2026-02-02 11:05:29.473810,3,SAFE
2026-02-02 11:05:34.793570,3,SAFE
2026-02-02 11:05:36.631293,0,SAFE
2026-02-02 11:05:36.845424,3,SAFE
2026-02-02 11:05:44.901867,0,SAFE
2026-02-02 11:05:45.390487,3,SAFE
2026-02-02 11:25:01.641296,1,SAFE
2026-02-02 11:25:09.918621,1,SAFE
2026-02-02 11:25:18.920921,1,SAFE
2026-02-02 11:25:39.303341,1,SAFE
2026-02-02 11:25:45.790184,0,SAFE
2026-02-02 11:25:46.234801,1,SAFE
2026-02-02 11:25:51.846523,1,SAFE
2026-02-02 11:25:54.942504,1,SAFE
2026-02-02 11:25:56.666766,1,SAFE
2026-02-02 11:26:08.463435,1,SAFE
2026-02-02 11:26:15.180422,1,SAFE
2026-02-02 11:26:16.139107,1,SAFE
2026-02-02 11:26:21.173603,1,SAFE
2026-02-02 11:26:23.967579,1,SAFE
2026-02-02 11:26:24.451881,1,SAFE
2026-02-02 11:26:36.785787,1,SAFE
2026-02-02 11:26:44.398376,1,SAFE
2026-02-02 11:26:45.320711,1,SAFE
2026-02-02 11:26:51.806300,1,SAFE
2026-02-02 11:26:53.937446,1,SAFE
2026-02-02 11:26:54.923182,1,SAFE
2026-02-02 11:27:10.149166,1,SAFE
2026-02-02 11:27:16.897576,1,SAFE
2026-02-02 11:27:18.286146,1,SAFE
2026-02-04 08:48:52.237994,1,SAFE
2026-02-04 08:49:03.765893,1,SAFE
2026-02-04 08:49:06.114442,1,SAFE
2026-02-04 08:49:12.544733,1,SAFE
2026-02-04 08:49:19.254753,1,SAFE
2026-02-04 08:49:26.840537,1,SAFE
2026-02-04 08:49:39.859537,1,SAFE
2026-02-04 08:49:47.380518,1,SAFE
2026-02-04 08:49:47.911835,1,SAFE
2026-02-04 08:49:53.977918,1,SAFE
2026-02-04 08:49:56.893116,1,SAFE
2026-02-04 08:49:59.026708,1,SAFE
2026-02-04 08:50:04.232706,1,SAFE
2026-02-04 08:50:14.336696,1,SAFE
2026-02-04 08:50:14.665947,1,SAFE
2026-02-04 08:50:23.287695,1,SAFE
2026-02-04 08:50:24.551893,1,SAFE
2026-02-04 08:50:27.412394,1,SAFE
2026-02-04 08:50:32.607013,1,SAFE
2026-02-04 08:50:40.325799,1,SAFE
2026-02-04 08:50:41.341530,1,SAFE
2026-02-04 08:50:47.278936,1,SAFE
2026-02-04 08:50:48.781354,3,SAFE
2026-02-04 08:50:51.185267,1,SAFE
2026-02-04 08:50:56.444492,1,SAFE
2026-02-04 08:51:03.171457,3,SAFE
2026-02-04 08:51:04.398736,1,SAFE
2026-02-04 08:51:10.233783,2,SAFE
2026-02-04 08:51:11.529653,2,SAFE
2026-02-04 08:51:14.767016,1,SAFE
2026-02-04 08:51:20.154574,1,SAFE
2026-02-04 08:51:29.357559,1,SAFE
2026-02-04 08:51:29.695187,0,SAFE
2026-02-04 08:51:37.795450,1,SAFE
2026-02-04 08:51:40.029835,1,SAFE
2026-02-04 08:51:43.929497,2,SAFE
2026-02-04 08:51:47.569492,1,SAFE
2026-02-04 08:51:57.143134,1,SAFE
2026-02-04 08:51:58.241622,1,SAFE
2026-02-04 08:52:01.690834,1,SAFE
2026-02-04 08:52:02.695868,1,SAFE
2026-02-04 08:52:05.315968,1,SAFE
2026-02-04 08:52:06.821189,2,SAFE
2026-02-04 08:52:10.413873,2,SAFE
2026-02-04 08:52:50.947973,1,SAFE
2026-02-04 08:53:06.450008,1,SAFE
2026-02-04 08:53:07.986023,1,SAFE
2026-02-04 08:53:14.168965,1,SAFE
2026-02-04 08:53:20.886279,1,SAFE
2026-02-04 08:53:27.341831,2,SAFE
2026-02-04 08:53:42.117722,1,SAFE
2026-02-04 08:53:42.364319,1,SAFE
2026-02-04 08:53:46.599435,1,SAFE
2026-02-04 08:53:47.680168,1,SAFE
2026-02-04 08:53:51.939956,1,SAFE
2026-02-04 08:54:50.914801,1,SAFE
2026-02-04 08:55:51.279450,1,SAFE
2026-02-04 08:56:51.366559,1,SAFE
2026-02-04 08:57:51.511818,1,SAFE
2026-02-04 08:58:01.018184,1,SAFE
2026-02-04 08:58:02.917017,1,SAFE
2026-02-04 08:58:09.895232,1,SAFE
2026-02-04 08:58:17.972797,0,SAFE
2026-02-04 08:58:23.162285,0,SAFE
2026-02-04 08:58:29.671015,0,SAFE
2026-02-04 08:58:36.164627,0,SAFE
2026-02-04 08:58:42.777771,0,SAFE
2026-02-04 08:58:55.908169,0,SAFE
2026-02-04 08:58:57.693515,0,SAFE
2026-02-04 08:59:07.358510,0,SAFE
2026-02-04 08:59:14.269847,0,SAFE
2026-02-04 08:59:15.033108,0,SAFE
2026-02-04 08:59:18.347358,0,SAFE
2026-02-04 08:59:21.900323,0,SAFE
2026-02-04 08:59:22.305657,0,SAFE
2026-02-04 08:59:31.949342,0,SAFE
2026-02-04 08:59:39.098280,0,SAFE
2026-02-04 08:59:40.085102,0,SAFE
2026-02-04 08:59:42.353542,0,SAFE
2026-02-04 08:59:47.199614,0,SAFE
2026-02-04 08:59:47.357169,0,SAFE
2026-02-04 08:59:58.736120,0,SAFE
2026-02-04 09:00:07.196072,0,SAFE
2026-02-04 09:00:07.436671,0,SAFE
2026-02-04 09:00:09.732374,0,SAFE
2026-02-04 09:00:14.619472,0,SAFE
2026-02-04 09:00:15.632622,0,SAFE
2026-02-04 09:00:25.234235,0,SAFE
2026-02-04 09:00:35.682946,0,SAFE
2026-02-04 09:00:36.955574,0,SAFE
2026-02-04 09:00:38.222762,0,SAFE
2026-02-04 09:00:41.614068,0,SAFE
2026-02-04 09:00:42.423233,0,SAFE
2026-02-04 09:00:53.614071,0,SAFE
2026-02-04 09:01:04.349183,0,SAFE
2026-02-04 09:01:05.462292,0,SAFE
2026-02-04 09:01:06.160924,0,SAFE
2026-02-04 09:01:10.631351,0,SAFE
2026-02-04 09:01:11.436331,0,SAFE
2026-02-04 09:01:21.324775,0,SAFE
2026-02-04 09:01:29.585717,0,SAFE
2026-02-04 09:01:30.161335,0,SAFE
2026-02-04 09:01:31.605570,0,SAFE
2026-02-04 09:01:36.183568,0,SAFE
2026-02-04 09:01:36.648152,0,SAFE
2026-02-04 09:01:46.420296,0,SAFE
2026-02-04 09:01:54.618545,0,SAFE
2026-02-04 09:01:55.550523,0,SAFE
2026-02-04 09:01:57.747755,0,SAFE
2026-02-04 09:02:01.396424,0,SAFE
2026-02-04 09:02:02.367443,0,SAFE
2026-02-04 09:02:12.329089,0,SAFE
2026-02-04 09:02:21.695692,0,SAFE
2026-02-04 09:02:23.713285,0,SAFE
2026-02-04 09:02:26.045524,0,SAFE
2026-02-04 09:02:29.572198,0,SAFE
2026-02-04 09:02:32.455506,0,SAFE
2026-02-04 09:02:40.107004,0,SAFE
2026-02-04 09:02:49.435233,0,SAFE
2026-02-04 09:02:50.149981,0,SAFE
2026-02-04 09:02:52.469262,0,SAFE
2026-02-04 09:02:53.848919,0,SAFE
2026-02-04 09:02:57.401418,0,SAFE
2026-02-04 09:03:04.055913,0,SAFE
2026-02-04 09:03:15.879410,0,SAFE
2026-02-04 09:03:16.481253,0,SAFE
2026-02-04 09:03:19.950385,0,SAFE
2026-02-04 09:03:22.327926,0,SAFE
2026-02-04 09:03:25.786238,0,SAFE
2026-02-04 09:03:30.912551,0,SAFE
2026-02-04 09:03:42.233814,0,SAFE
2026-02-04 09:03:44.699440,0,SAFE
2026-02-04 09:03:46.728132,0,SAFE
2026-02-04 09:03:48.856679,0,SAFE
2026-02-04 09:03:51.177077,0,SAFE
2026-02-04 09:03:56.273119,0,SAFE
2026-02-04 09:04:08.308533,0,SAFE
2026-02-04 09:04:10.630586,0,SAFE
2026-02-04 09:04:11.993493,0,SAFE
2026-02-04 09:04:12.810649,0,SAFE
2026-02-04 09:04:14.618184,0,SAFE
2026-02-04 09:04:15.310912,0,SAFE
2026-02-04 09:09:36.082897,0,SAFE
2026-02-04 09:09:42.935150,0,SAFE
2026-02-04 09:09:49.704622,0,SAFE
2026-02-04 09:09:56.463510,0,SAFE
2026-02-04 09:10:10.046942,0,SAFE
2026-02-04 09:10:19.996923,0,SAFE
2026-02-04 09:10:24.098262,0,SAFE
2026-02-04 09:10:28.101687,0,SAFE
2026-02-04 09:10:32.181413,0,SAFE
2026-02-04 09:10:33.404507,0,SAFE
2026-02-04 09:10:36.801144,0,SAFE
2026-02-04 09:10:48.303091,0,SAFE
2026-02-04 09:10:53.277162,0,SAFE
2026-02-04 09:10:58.606612,0,SAFE
2026-02-04 09:11:03.443050,0,SAFE
2026-02-04 09:11:03.918734,0,SAFE
2026-02-04 09:11:06.455458,0,SAFE
2026-02-04 09:11:14.188892,0,SAFE
2026-02-04 09:11:19.455232,0,SAFE
2026-02-04 09:11:24.833334,0,SAFE
2026-02-04 09:11:29.964108,0,SAFE
2026-02-04 09:11:30.997677,0,SAFE
2026-02-04 09:11:33.977070,0,SAFE
2026-02-04 09:11:41.452864,0,SAFE
2026-02-04 09:11:47.486049,0,SAFE
2026-02-04 09:11:52.551635,0,SAFE
2026-02-04 09:11:56.107176,0,SAFE
2026-02-04 09:11:56.469864,0,SAFE
2026-02-04 09:11:58.456744,0,SAFE
2026-02-04 09:12:02.589343,0,SAFE
2026-02-04 09:12:05.377153,0,SAFE
2026-02-04 09:12:06.486907,0,SAFE
2026-02-04 09:18:21.769240,0,SAFE
2026-02-04 09:18:28.754528,0,SAFE
2026-02-04 09:18:35.753971,0,SAFE
2026-02-04 09:18:43.012444,0,SAFE
2026-02-04 09:19:05.446539,0,SAFE
2026-02-04 09:19:10.801519,0,SAFE
2026-02-04 09:19:20.904110,0,SAFE
2026-02-04 09:19:23.495785,0,SAFE
2026-02-04 09:19:27.083480,0,SAFE
2026-02-04 09:19:29.203643,0,SAFE
2026-02-04 09:19:38.837865,0,SAFE
2026-02-04 09:19:46.350973,0,SAFE
2026-02-04 09:19:53.748709,0,SAFE
2026-02-04 09:19:57.125034,0,SAFE
2026-02-04 09:19:58.778458,0,SAFE
2026-02-04 09:20:01.803897,0,SAFE
2026-02-04 09:20:09.229916,0,SAFE
2026-02-04 09:20:16.875994,0,SAFE
2026-02-04 09:20:22.638707,0,SAFE
2026-02-04 09:20:24.237205,0,SAFE
2026-02-04 09:20:27.214865,0,SAFE
2026-02-04 09:20:29.946085,0,SAFE
2026-02-04 09:20:35.695652,0,SAFE
2026-02-04 09:20:43.898170,0,SAFE
2026-02-04 09:20:50.188819,0,SAFE
2026-02-04 09:20:50.648310,0,SAFE
2026-02-04 09:20:55.507370,0,SAFE
2026-02-04 09:20:58.792450,0,SAFE
2026-02-04 09:21:03.632660,0,SAFE
2026-02-04 09:21:11.521526,0,SAFE
2026-02-04 09:21:18.745761,0,SAFE
2026-02-04 09:21:19.244714,0,SAFE
2026-02-04 09:21:22.312659,0,SAFE
2026-02-04 09:21:25.103309,0,SAFE
2026-02-04 09:21:30.149299,0,SAFE
2026-02-04 09:21:36.763207,0,SAFE
2026-02-04 09:21:43.625358,0,SAFE
2026-02-04 09:21:44.889832,0,SAFE
2026-02-04 09:21:47.526018,0,SAFE
2026-02-04 09:21:49.796453,0,SAFE
2026-02-04 09:21:54.690345,0,SAFE
2026-02-04 09:22:02.135053,0,SAFE
2026-02-04 09:22:08.105083,0,SAFE
2026-02-04 09:22:09.143816,0,SAFE
2026-02-04 09:22:11.538825,0,SAFE
2026-02-04 09:22:13.172967,0,SAFE
2026-02-04 09:22:18.881440,0,SAFE
2026-02-04 09:22:24.245077,0,SAFE
2026-02-04 09:22:29.803033,0,SAFE
2026-02-04 09:22:30.245997,0,SAFE
2026-02-04 09:22:31.548691,0,SAFE
2026-02-04 09:22:32.095619,0,SAFE
2026-02-04 09:22:51.735007,0,SAFE
2026-02-04 09:23:51.490237,0,SAFE
2026-02-04 09:24:51.739862,0,SAFE
2026-02-04 09:25:52.011821,0,SAFE
2026-02-04 09:26:50.961625,0,SAFE
2026-02-04 09:27:51.075355,0,SAFE
2026-02-04 09:28:51.070700,0,SAFE
2026-02-04 09:29:52.048473,0,SAFE
2026-02-04 09:30:52.144122,0,SAFE
